Artist Name,Total Hours Played
Stromae,21.19561722222222
Bad Bunny,5.617821111111111
Rema,5.146189166666667
Omah Lay,4.025330277777778
Asake,3.827781388888889
