,Top 10 Artists,Total Play Counts,Total Play Duration (minutes),Track Present
0,ILLENIUM,652,2026.8841833333333,70
1,Taylor Swift,543,1907.4203,131
2,Jamie Miller,441,1260.8822333333333,16
3,Gryffin,371,1233.9045333333333,10
4,NIKI,369,1441.1221,36
5,Đức Phúc,349,1751.27995,12
6,MAMAMOO,300,893.8537833333334,53
7,NOTD,242,664.9924833333333,6
8,AMEE,191,683.2955166666667,9
9,One Direction,177,557.3824833333333,73
